Round,Pick_No,Team,Player,Player_Link,Pos,College,Conf,ID
1,1,Carolina Panthers,Cam Newton,https://en.wikipedia.org/wiki/Cam_Newton ,QB,Auburn,SEC,2011001
1,2,Denver Broncos,Von Miller,https://en.wikipedia.org/wiki/Von_Miller ,LB,Texas AM,Big 12,2011002
1,3,Buffalo Bills,Marcell Dareus,https://en.wikipedia.org/wiki/Marcell_Dareus ,DT,Alabama,SEC,2011003
1,4,Cincinnati Bengals,A J Green,https://en.wikipedia.org/wiki/A._J._Green ,WR,Georgia,SEC,2011004
1,5,Arizona Cardinals,Patrick Peterson,https://en.wikipedia.org/wiki/Patrick_Peterson ,CB,LSU,SEC,2011005
1,6,Atlanta Falcons,Julio Jones,https://en.wikipedia.org/wiki/Julio_Jones ,WR,Alabama,SEC,2011006
1,7,San Francisco 49ers,Aldon Smith,https://en.wikipedia.org/wiki/Aldon_Smith ,LB,Missouri,Big 12,2011007
1,8,Tennessee Titans,Jake Locker,https://en.wikipedia.org/wiki/Jake_Locker ,QB,Washington,Pac10,2011008
1,9,Dallas Cowboys,Tyron Smith,https://en.wikipedia.org/wiki/Tyron_Smith ,OT,USC,Pac10,2011009
1,10,Jacksonville Jaguars,Blaine Gabbert,https://en.wikipedia.org/wiki/Blaine_Gabbert ,QB,Missouri,Big 12,2011010
1,11,Houston Texans,J J Watt,https://en.wikipedia.org/wiki/J._J._Watt ,DE,Wisconsin,Big Ten,2011011
1,12,Minnesota Vikings,Christian Ponder,https://en.wikipedia.org/wiki/Christian_Ponder ,QB,Florida State,ACC,2011012
1,13,Detroit Lions,Nick Fairley,https://en.wikipedia.org/wiki/Nick_Fairley ,DT,Auburn,SEC,2011013
1,14,St Louis Rams,Robert Quinn,https://en.wikipedia.org/wiki/Robert_Quinn_(American_football) ,DE,North Carolina,ACC,2011014
1,15,Miami Dolphins,Mike Pouncey,https://en.wikipedia.org/wiki/Mike_Pouncey ,C,Florida,SEC,2011015
1,16,Washington Redskins,Ryan Kerrigan,https://en.wikipedia.org/wiki/Ryan_Kerrigan ,DE,Purdue,Big Ten,2011016
1,17,New England Patriots,Nate Solder,https://en.wikipedia.org/wiki/Nate_Solder ,OT,Colorado,Big 12,2011017
1,18,San Diego Chargers,Corey Liuget,https://en.wikipedia.org/wiki/Corey_Liuget ,DT,Illinois,Big Ten,2011018
1,19,New York Giants,Prince Amukamara,https://en.wikipedia.org/wiki/Prince_Amukamara ,CB,Nebraska,Big 12,2011019
1,20,Tampa Bay Buccaneers,Adrian Clayborn,https://en.wikipedia.org/wiki/Adrian_Clayborn ,DE,Iowa,Big Ten,2011020
1,21,Cleveland Browns,Phil Taylor,https://en.wikipedia.org/wiki/Phil_Taylor_(American_football) ,DT,Baylor,Big 12,2011021
1,22,Indianapolis Colts,Anthony Castonzo,https://en.wikipedia.org/wiki/Anthony_Castonzo ,OT,Boston College,ACC,2011022
1,23,Philadelphia Eagles,Danny Watkins,https://en.wikipedia.org/wiki/Danny_Watkins ,OG,Baylor,Big 12,2011023
1,24,New Orleans Saints,Cameron Jordan,https://en.wikipedia.org/wiki/Cameron_Jordan ,DE,California,Pac10,2011024
1,25,Seattle Seahawks,James Carpenter,https://en.wikipedia.org/wiki/James_Carpenter_(American_football) ,OT,Alabama,SEC,2011025
1,26,Kansas City Chiefs,Jonathan Baldwin,https://en.wikipedia.org/wiki/Jonathan_Baldwin ,WR,Pittsburgh,Big East,2011026
1,27,Baltimore Ravens,Jimmy Smith,https://en.wikipedia.org/wiki/Jimmy_Smith_(cornerback) ,CB,Colorado,Big 12,2011027
1,28,New Orleans Saints,Mark Ingram II,https://en.wikipedia.org/wiki/Mark_Ingram_II ,RB,Alabama,SEC,2011028
1,29,Chicago Bears,Gabe Carimi,https://en.wikipedia.org/wiki/Gabe_Carimi ,OT,Wisconsin,Big Ten,2011029
1,30,New York Jets,Muhammad Wilkerson,https://en.wikipedia.org/wiki/Muhammad_Wilkerson ,DE,Temple,MAC,2011030
1,31,Pittsburgh Steelers,Cameron Heyward,https://en.wikipedia.org/wiki/Cameron_Heyward ,DE,Ohio State,Big Ten,2011031
1,32,Green Bay Packers,Derek Sherrod,https://en.wikipedia.org/wiki/Derek_Sherrod ,OT,Mississippi State,SEC,2011032
2,33,New England Patriots,RasI Dowling,https://en.wikipedia.org/wiki/Ras-I_Dowling ,CB,Virginia,ACC,2011033
2,34,Buffalo Bills,Aaron Williams,https://en.wikipedia.org/wiki/Aaron_Williams_(American_football) ,CB,Texas,Big 12,2011034
2,35,Cincinnati Bengals,Andy Dalton,https://en.wikipedia.org/wiki/Andy_Dalton ,QB,TCU,MWC,2011035
2,36,San Francisco 49ers,Colin Kaepernick,https://en.wikipedia.org/wiki/Colin_Kaepernick ,QB,Nevada,WAC,2011036
2,37,Cleveland Browns,Jabaal Sheard,https://en.wikipedia.org/wiki/Jabaal_Sheard ,DE,Pittsburgh,Big East,2011037
2,38,Arizona Cardinals,Ryan Williams,https://en.wikipedia.org/wiki/Ryan_Williams_(American_football) ,RB,Virginia Tech,ACC,2011038
2,39,Tennessee Titans,Akeem Ayers,https://en.wikipedia.org/wiki/Akeem_Ayers ,LB,UCLA,Pac10,2011039
2,40,Dallas Cowboys,Bruce Carter,https://en.wikipedia.org/wiki/Bruce_Carter_(American_football) ,LB,North Carolina,ACC,2011040
2,41,Washington Redskins,Jarvis Jenkins,https://en.wikipedia.org/wiki/Jarvis_Jenkins ,DT,Clemson,ACC,2011041
2,42,Houston Texans,Brooks Reed,https://en.wikipedia.org/wiki/Brooks_Reed ,DE,Arizona,Pac10,2011042
2,43,Minnesota Vikings,Kyle Rudolph,https://en.wikipedia.org/wiki/Kyle_Rudolph ,TE,Notre Dame,Ind FBS,2011043
2,44,Detroit Lions,Titus Young,https://en.wikipedia.org/wiki/Titus_Young ,WR,Boise State,WAC,2011044
2,45,Denver Broncos,Rahim Moore,https://en.wikipedia.org/wiki/Rahim_Moore ,S,UCLA,Pac10,2011045
2,46,Denver Broncos,Orlando Franklin,https://en.wikipedia.org/wiki/Orlando_Franklin ,OT,Miami FL,ACC,2011046
2,47,St Louis Rams,Lance Kendricks,https://en.wikipedia.org/wiki/Lance_Kendricks ,TE,Wisconsin,Big Ten,2011047
2,48,Oakland Raiders,Stefen Wisniewski,https://en.wikipedia.org/wiki/Stefen_Wisniewski ,C,Penn State,Big Ten,2011048
2,49,Indianapolis Colts,Ben Ijalana,https://en.wikipedia.org/wiki/Benjamin_Ijalana ,OT,Villanova,CAA,2011049
2,50,San Diego Chargers,Marcus Gilchrist,https://en.wikipedia.org/wiki/Marcus_Gilchrist ,CB,Clemson,ACC,2011050
2,51,Tampa Bay Buccaneers,DaQuan Bowers,https://en.wikipedia.org/wiki/Da%27Quan_Bowers ,DE,Clemson,ACC,2011051
2,52,New York Giants,Marvin Austin,https://en.wikipedia.org/wiki/Marvin_Austin ,DT,North Carolina,ACC,2011052
2,53,Chicago Bears,Stephen Paea,https://en.wikipedia.org/wiki/Stephen_Paea ,DT,Oregon State,Pac10,2011053
2,54,Philadelphia Eagles,Jaiquawn Jarrett,https://en.wikipedia.org/wiki/Jaiquawn_Jarrett ,S,Temple,MAC,2011054
2,55,Kansas City Chiefs,Rodney Hudson,https://en.wikipedia.org/wiki/Rodney_Hudson ,OG,Florida State,ACC,2011055
2,56,New England Patriots,Shane Vereen,https://en.wikipedia.org/wiki/Shane_Vereen ,RB,California,Pac10,2011056
2,57,Detroit Lions,Mikel Leshoure,https://en.wikipedia.org/wiki/Mikel_Leshoure ,RB,Illinois,Big Ten,2011057
2,58,Baltimore Ravens,Torrey Smith,https://en.wikipedia.org/wiki/Torrey_Smith ,WR,Maryland,ACC,2011058
2,59,Cleveland Browns,Greg Little,https://en.wikipedia.org/wiki/Greg_Little_(wide_receiver) ,WR,North Carolina,ACC,2011059
2,60,Houston Texans,Brandon Harris,https://en.wikipedia.org/wiki/Brandon_Harris ,CB,Miami FL,ACC,2011060
2,61,San Diego Chargers,Jonas Mouton,https://en.wikipedia.org/wiki/Jonas_Mouton ,LB,Michigan,Big Ten,2011061
2,62,Miami Dolphins,Daniel Thomas,https://en.wikipedia.org/wiki/Daniel_Thomas_(running_back) ,RB,Kansas State,Big 12,2011062
2,63,Pittsburgh Steelers,Marcus Gilbert,https://en.wikipedia.org/wiki/Marcus_Gilbert_(American_football) ,OT,Florida,SEC,2011063
2,64,Green Bay Packers,Randall Cobb,https://en.wikipedia.org/wiki/Randall_Cobb_(American_football) ,WR,Kentucky,SEC,2011064
3,65,Carolina Panthers,Terrell McClain,https://en.wikipedia.org/wiki/Terrell_McClain ,DT,South Florida,Big East,2011065
3,66,Cincinnati Bengals,Dontay Moch,https://en.wikipedia.org/wiki/Dontay_Moch ,LB,Nevada,WAC,2011066
3,67,Denver Broncos,Nate Irving,https://en.wikipedia.org/wiki/Nate_Irving ,LB,NC State,ACC,2011067
3,68,Buffalo Bills,Kelvin Sheppard,https://en.wikipedia.org/wiki/Kelvin_Sheppard ,LB,LSU,SEC,2011068
3,69,Arizona Cardinals,Rob Housler,https://en.wikipedia.org/wiki/Rob_Housler ,TE,Florida Atlantic,Sun Belt,2011069
3,70,Kansas City Chiefs,Justin Houston,https://en.wikipedia.org/wiki/Justin_Houston ,LB,Georgia,SEC,2011070
3,71,Dallas Cowboys,DeMarco Murray,https://en.wikipedia.org/wiki/DeMarco_Murray ,RB,Oklahoma,Big 12,2011071
3,72,New Orleans Saints,Martez Wilson,https://en.wikipedia.org/wiki/Martez_Wilson ,LB,Illinois,Big Ten,2011072
3,73,New England Patriots,Stevan Ridley,https://en.wikipedia.org/wiki/Stevan_Ridley ,RB,LSU,SEC,2011073
3,74,New England Patriots,Ryan Mallett,https://en.wikipedia.org/wiki/Ryan_Mallett ,QB,Arkansas,SEC,2011074
3,75,Seattle Seahawks,John Moffitt,https://en.wikipedia.org/wiki/John_Moffitt_(American_football) ,OG,Wisconsin,Big Ten,2011075
3,76,Jacksonville Jaguars,Will Rackley,https://en.wikipedia.org/wiki/Will_Rackley ,OG,Lehigh,Patriot,2011076
3,77,Tennessee Titans,Jurrell Casey,https://en.wikipedia.org/wiki/Jurrell_Casey ,DT,USC,Pac10,2011077
3,78,St Louis Rams,Austin Pettis,https://en.wikipedia.org/wiki/Austin_Pettis ,WR,Boise State,WAC,2011078
3,79,Washington Redskins,Leonard Hankerson,https://en.wikipedia.org/wiki/Leonard_Hankerson ,WR,Miami FL,ACC,2011079
3,80,San Francisco 49ers,Chris Culliver,https://en.wikipedia.org/wiki/Chris_Culliver ,CB,South Carolina,SEC,2011080
3,81,Oakland Raiders,DeMarcus Van Dyke,https://en.wikipedia.org/wiki/DeMarcus_Van_Dyke ,CB,Miami FL,ACC,2011081
3,82,San Diego Chargers,Vincent Brown,https://en.wikipedia.org/wiki/Vincent_Brown_(wide_receiver) ,WR,San Diego State,MWC,2011082
3,83,New York Giants,Jerrel Jernigan,https://en.wikipedia.org/wiki/Jerrel_Jernigan ,WR,Troy,Sun Belt,2011083
3,84,Tampa Bay Buccaneers,Mason Foster,https://en.wikipedia.org/wiki/Mason_Foster ,LB,Washington,Pac10,2011084
3,85,Baltimore Ravens,Jah Reid,https://en.wikipedia.org/wiki/Jah_Reid ,OT,UCF,CUSA,2011085
3,86,Kansas City Chiefs,Allen Bailey,https://en.wikipedia.org/wiki/Allen_Bailey ,DE,Miami FL,ACC,2011086
3,87,Indianapolis Colts,Drake Nevis,https://en.wikipedia.org/wiki/Drake_Nevis ,DT,LSU,SEC,2011087
3,88,New Orleans Saints,Johnny Patrick,https://en.wikipedia.org/wiki/Johnny_Patrick ,CB,Louisville,Big East,2011088
3,89,San Diego Chargers,Shareece Wright,https://en.wikipedia.org/wiki/Shareece_Wright ,CB,USC,Pac10,2011089
3,90,Philadelphia Eagles,Curtis Marsh,"https://en.wikipedia.org/wiki/Curtis_Marsh,_Jr. ",CB,Utah State,WAC,2011090
3,91,Atlanta Falcons,Akeem Dent,https://en.wikipedia.org/wiki/Akeem_Dent ,LB,Georgia,SEC,2011091
3,92,Oakland Raiders,Joseph Barksdale,https://en.wikipedia.org/wiki/Joseph_Barksdale ,OT,LSU,SEC,2011092
3,93,Chicago Bears,Chris Conte,https://en.wikipedia.org/wiki/Chris_Conte ,S,California,Pac10,2011093
3,94,New York Jets,Kenrick Ellis,https://en.wikipedia.org/wiki/Kenrick_Ellis ,DT,Hampton,MEAC,2011094
3,95,Pittsburgh Steelers,Curtis Brown,https://en.wikipedia.org/wiki/Curtis_Brown_(cornerback) ,CB,Texas,Big 12,2011095
3,96,Green Bay Packers,Alex Green,https://en.wikipedia.org/wiki/Alex_Green ,RB,Hawaii,WAC,2011096
3,97,Carolina Panthers,Sione Fua,https://en.wikipedia.org/wiki/Sione_Fua ,DT,Stanford,Pac10,2011097
4,98,Carolina Panthers,Brandon Hogan,https://en.wikipedia.org/wiki/Brandon_Hogan ,CB,West Virginia,Big East,2011098
4,99,Seattle Seahawks,K J Wright,https://en.wikipedia.org/wiki/K._J._Wright ,LB,Mississippi State,SEC,2011099
4,100,Buffalo Bills,DaNorris Searcy,https://en.wikipedia.org/wiki/Da%27Norris_Searcy ,S,North Carolina,ACC,2011100
4,101,Cincinnati Bengals,Clint Boling,https://en.wikipedia.org/wiki/Clint_Boling ,OG,Georgia,SEC,2011101
4,102,Cleveland Browns,Jordan Cameron,https://en.wikipedia.org/wiki/Jordan_Cameron ,TE,USC,Pac10,2011102
4,103,Arizona Cardinals,Sam Acho,https://en.wikipedia.org/wiki/Sam_Acho ,DE,Texas,Big 12,2011103
4,104,Tampa Bay Buccaneers,Luke Stocker,https://en.wikipedia.org/wiki/Luke_Stocker ,TE,Tennessee,SEC,2011104
4,105,Washington Redskins,Roy Helu,https://en.wikipedia.org/wiki/Roy_Helu ,RB,Nebraska,Big 12,2011105
4,106,Minnesota Vikings,Christian Ballard,https://en.wikipedia.org/wiki/Christian_Ballard ,DE,Iowa,Big Ten,2011106
4,107,Seattle Seahawks,Kris Durham,https://en.wikipedia.org/wiki/Kris_Durham ,WR,Georgia,SEC,2011107
4,108,Denver Broncos,Quinton Carter,https://en.wikipedia.org/wiki/Quinton_Carter ,S,Oklahoma,Big 12,2011108
4,109,Tennessee Titans,Colin McCarthy,https://en.wikipedia.org/wiki/Colin_McCarthy ,LB,Miami FL,ACC,2011109
4,110,Dallas Cowboys,David Arkin,https://en.wikipedia.org/wiki/David_Arkin_(American_football) ,OG,Missouri State,MVFC,2011110
4,111,Miami Dolphins,Clyde Gates,https://en.wikipedia.org/wiki/Clyde_Gates ,WR,Abilene Christian,LSC,2011111
4,112,St Louis Rams,Greg Salas,https://en.wikipedia.org/wiki/Greg_Salas ,WR,Hawaii,WAC,2011112
4,113,Oakland Raiders,Chimdi Chekwa,https://en.wikipedia.org/wiki/Chimdi_Chekwa ,CB,Ohio State,Big Ten,2011113
4,114,Jacksonville Jaguars,Cecil Shorts,https://en.wikipedia.org/wiki/Cecil_Shorts_III ,WR,Mount Union,OAC,2011114
4,115,San Francisco 49ers,Kendall Hunter,https://en.wikipedia.org/wiki/Kendall_Hunter ,RB,Oklahoma State,Big 12,2011115
4,116,Philadelphia Eagles,Casey Matthews,https://en.wikipedia.org/wiki/Casey_Matthews ,LB,Oregon,Pac10,2011116
4,117,New York Giants,James Brewer,https://en.wikipedia.org/wiki/James_Brewer_(American_football) ,OT,Indiana,Big Ten,2011117
4,118,Kansas City Chiefs,Jalil Brown,https://en.wikipedia.org/wiki/Jalil_Brown ,CB,Colorado,Big 12,2011118
4,119,Indianapolis Colts,Delone Carter,https://en.wikipedia.org/wiki/Delone_Carter ,RB,Syracuse,Big East,2011119
4,120,Philadelphia Eagles,Alex Henery,https://en.wikipedia.org/wiki/Alex_Henery ,K,Nebraska,Big 12,2011120
4,121,Jacksonville Jaguars,Chris Prosinski,https://en.wikipedia.org/wiki/Chris_Prosinski ,S,Wyoming,MWC,2011121
4,122,Buffalo Bills,Chris Hairston,https://en.wikipedia.org/wiki/Chris_Hairston ,OT,Clemson,ACC,2011122
4,123,Baltimore Ravens,Tandon Doss,https://en.wikipedia.org/wiki/Tandon_Doss ,WR,Indiana,Big Ten,2011123
4,124,Cleveland Browns,Owen Marecic,https://en.wikipedia.org/wiki/Owen_Marecic ,FB,Stanford,Pac10,2011124
4,125,Oakland Raiders,Taiwan Jones,https://en.wikipedia.org/wiki/Taiwan_Jones ,RB,Eastern Washington,Big Sky,2011125
4,126,New York Jets,Bilal Powell,https://en.wikipedia.org/wiki/Bilal_Powell ,RB,Louisville,Big East,2011126
4,127,Houston Texans,Rashad Carmichael,https://en.wikipedia.org/wiki/Rashad_Carmichael ,CB,Virginia Tech,ACC,2011127
4,128,Pittsburgh Steelers,Cortez Allen,https://en.wikipedia.org/wiki/Cortez_Allen ,CB,The Citadel,SoCon,2011128
4,129,Denver Broncos,Julius Thomas,https://en.wikipedia.org/wiki/Julius_Thomas ,TE,Portland State,Big Sky,2011129
4,130,Tennessee Titans,Jamie Harper,https://en.wikipedia.org/wiki/Jamie_Harper ,RB,Clemson,ACC,2011130
4,131,Green Bay Packers,Davon House,https://en.wikipedia.org/wiki/Davon_House ,CB,New Mexico State,WAC,2011131
5,132,Carolina Panthers,Kealoha Pilares,https://en.wikipedia.org/wiki/Kealoha_Pilares ,WR,Hawaii,WAC,2011132
5,133,Buffalo Bills,Johnny White,https://en.wikipedia.org/wiki/Johnny_White_(American_football) ,RB,North Carolina,ACC,2011133
5,134,Cincinnati Bengals,Robert Sands,https://en.wikipedia.org/wiki/Robert_Sands_(American_football) ,S,West Virginia,Big East,2011134
5,135,Kansas City Chiefs,Ricky Stanzi,https://en.wikipedia.org/wiki/Ricky_Stanzi ,QB,Iowa,Big Ten,2011135
5,136,Arizona Cardinals,Anthony Sherman,https://en.wikipedia.org/wiki/Anthony_Sherman ,FB,Connecticut,Big East,2011136
5,137,Cleveland Browns,Buster Skrine,https://en.wikipedia.org/wiki/Buster_Skrine ,CB,Chattanooga,SoCon,2011137
5,138,New England Patriots,Marcus Cannon,https://en.wikipedia.org/wiki/Marcus_Cannon ,OT,TCU,MWC,2011138
5,139,Minnesota Vikings,Brandon Burton,https://en.wikipedia.org/wiki/Brandon_Burton ,CB,Utah,MWC,2011139
5,140,Kansas City Chiefs,Gabe Miller,https://en.wikipedia.org/wiki/Gabe_Miller ,LB,Oregon State,Pac10,2011140
5,141,Green Bay Packers,D J Williams,https://en.wikipedia.org/wiki/D._J._Williams_(tight_end) ,TE,Arkansas,SEC,2011141
5,142,Tennessee Titans,Karl Klug,https://en.wikipedia.org/wiki/Karl_Klug ,DE,Iowa,Big Ten,2011142
5,143,Dallas Cowboys,Josh Thomas,https://en.wikipedia.org/wiki/Josh_Thomas_(cornerback) ,CB,Buffalo,MAC,2011143
5,144,Houston Texans,Shiloh Keo,https://en.wikipedia.org/wiki/Shiloh_Keo ,S,Idaho,WAC,2011144
5,145,Atlanta Falcons,Jacquizz Rodgers,https://en.wikipedia.org/wiki/Jacquizz_Rodgers ,RB,Oregon State,Pac10,2011145
5,146,Washington Redskins,Dejon Gomes,https://en.wikipedia.org/wiki/Dejon_Gomes ,S,Nebraska,Big 12,2011146
5,147,Jacksonville Jaguars,Rod Issac,https://en.wikipedia.org/wiki/Rod_Issac ,CB,Middle Tennessee,Sun Belt,2011147
5,148,Oakland Raiders,Denarius Moore,https://en.wikipedia.org/wiki/Denarius_Moore ,WR,Tennessee,SEC,2011148
5,149,Philadelphia Eagles,Dion Lewis,https://en.wikipedia.org/wiki/Dion_Lewis ,RB,Pittsburgh,Big East,2011149
5,150,Cleveland Browns,Jason Pinkston,https://en.wikipedia.org/wiki/Jason_Pinkston ,OT,Pittsburgh,Big East,2011150
5,151,Tampa Bay Buccaneers,Ahmad Black,https://en.wikipedia.org/wiki/Ahmad_Black ,S,Florida,SEC,2011151
5,152,Houston Texans,T J Yates,https://en.wikipedia.org/wiki/T._J._Yates ,QB,North Carolina,ACC,2011152
5,153,New York Jets,Jeremy Kerley,https://en.wikipedia.org/wiki/Jeremy_Kerley ,WR,TCU,MWC,2011153
5,154,Seattle Seahawks,Richard Sherman,https://en.wikipedia.org/wiki/Richard_Sherman_(American_football) ,CB,Stanford,Pac10,2011154
5,155,Washington Redskins,Niles Paul,https://en.wikipedia.org/wiki/Niles_Paul ,WR,Nebraska,Big 12,2011155
5,156,Seattle Seahawks,Mark LeGree,https://en.wikipedia.org/wiki/Mark_LeGree ,S,Appalachian State,SoCon,2011156
5,157,Detroit Lions,Doug Hogue,https://en.wikipedia.org/wiki/Doug_Hogue ,LB,Syracuse,Big East,2011157
5,158,St Louis Rams,Jermale Hines,https://en.wikipedia.org/wiki/Jermale_Hines ,S,Ohio State,Big Ten,2011158
5,159,New England Patriots,Lee Smith,https://en.wikipedia.org/wiki/Lee_Smith_(American_football) ,TE,Marshall,CUSA,2011159
5,160,Chicago Bears,Nathan Enderle,https://en.wikipedia.org/wiki/Nathan_Enderle ,QB,Idaho,WAC,2011160
5,161,Philadelphia Eagles,Julian Vandervelde,https://en.wikipedia.org/wiki/Julian_Vandervelde ,OG,Iowa,Big Ten,2011161
5,162,Pittsburgh Steelers,Chris Carter,https://en.wikipedia.org/wiki/Chris_Carter_(linebacker) ,LB,Fresno State,WAC,2011162
5,163,San Francisco 49ers,Daniel Kilgore,https://en.wikipedia.org/wiki/Daniel_Kilgore_(American_football) ,OG,Appalachian State,SoCon,2011163
5,164,Baltimore Ravens,Chykie Brown,https://en.wikipedia.org/wiki/Chykie_Brown ,CB,Texas,Big 12,2011164
5,165,Baltimore Ravens,Pernell McPhee,https://en.wikipedia.org/wiki/Pernell_McPhee ,DE,Mississippi State,SEC,2011165
6,166,Carolina Panthers,Lawrence Wilson,https://en.wikipedia.org/wiki/Lawrence_Wilson ,LB,Connecticut,Big East,2011166
6,167,Cincinnati Bengals,Ryan Whalen,https://en.wikipedia.org/wiki/Ryan_Whalen ,WR,Stanford,Pac10,2011167
6,168,Minnesota Vikings,DeMarcus Love,https://en.wikipedia.org/wiki/DeMarcus_Love ,OT,Arkansas,SEC,2011168
6,169,Buffalo Bills,Chris White,https://en.wikipedia.org/wiki/Chris_White_(linebacker) ,LB,Mississippi State,SEC,2011169
6,170,Minnesota Vikings,Mistral Raymond,https://en.wikipedia.org/wiki/Mistral_Raymond ,S,South Florida,Big East,2011170
6,171,Arizona Cardinals,Quan Sturdivant,https://en.wikipedia.org/wiki/Quan_Sturdivant ,LB,North Carolina,ACC,2011171
6,172,Minnesota Vikings,Brandon Fusco,https://en.wikipedia.org/wiki/Brandon_Fusco ,C,Slippery Rock,PSAC,2011172
6,173,Seattle Seahawks,Byron Maxwell,https://en.wikipedia.org/wiki/Byron_Maxwell ,CB,Clemson,ACC,2011173
6,174,Miami Dolphins,Charles Clay,https://en.wikipedia.org/wiki/Charles_Clay_(American_football) ,FB,Tulsa,CUSA,2011174
6,175,Tennessee Titans,Byron Stingily,https://en.wikipedia.org/wiki/Byron_Stingily_(American_football) ,OT,Louisville,Big East,2011175
6,176,Dallas Cowboys,Dwayne Harris,https://en.wikipedia.org/wiki/Dwayne_Harris ,WR,East Carolina,CUSA,2011176
6,177,Washington Redskins,Evan Royster,https://en.wikipedia.org/wiki/Evan_Royster ,RB,Penn State,Big Ten,2011177
6,178,Washington Redskins,Aldrick Robinson,https://en.wikipedia.org/wiki/Aldrick_Robinson ,WR,SMU,CUSA,2011178
6,179,Green Bay Packers,Caleb Schlauderaff,https://en.wikipedia.org/wiki/Caleb_Schlauderaff ,OG,Utah,MWC,2011179
6,180,Baltimore Ravens,Tyrod Taylor,https://en.wikipedia.org/wiki/Tyrod_Taylor ,QB,Virginia Tech,ACC,2011180
6,181,Oakland Raiders,Richard Gordon,https://en.wikipedia.org/wiki/Richard_Gordon_(tight_end) ,TE,Miami FL,ACC,2011181
6,182,San Francisco 49ers,Ronald Johnson,https://en.wikipedia.org/wiki/Ronald_Johnson_(American_football) ,WR,USC,Pac10,2011182
6,183,San Diego Chargers,Jordan Todman,https://en.wikipedia.org/wiki/Jordan_Todman ,RB,Connecticut,Big East,2011183
6,184,Arizona Cardinals,David Carter,https://en.wikipedia.org/wiki/David_Carter_(defensive_tackle) ,DT,UCLA,Pac10,2011184
6,185,New York Giants,Greg Jones,"https://en.wikipedia.org/wiki/Greg_Jones_(linebacker,_born_1988) ",LB,Michigan State,Big Ten,2011185
6,186,Green Bay Packers,D J Smith,https://en.wikipedia.org/wiki/D._J._Smith_(American_football) ,OLB,Appalachian State,SoCon,2011186
6,187,Tampa Bay Buccaneers,Allen Bradford,https://en.wikipedia.org/wiki/Allen_Bradford_(American_football) ,RB,USC,Pac10,2011187
6,188,Indianapolis Colts,Chris L Rucker,https://en.wikipedia.org/wiki/Chris_L._Rucker ,CB,Michigan State,Big Ten,2011188
6,189,Denver Broncos,Mike Mohamed,https://en.wikipedia.org/wiki/Mike_Mohamed ,LB,California,Pac10,2011189
6,190,San Francisco 49ers,Colin Jones,https://en.wikipedia.org/wiki/Colin_Jones_(American_football) ,S,TCU,MWC,2011190
6,191,Philadelphia Eagles,Jason Kelce,https://en.wikipedia.org/wiki/Jason_Kelce ,C,Cincinnati,Big East,2011191
6,192,Atlanta Falcons,Matt Bosher,https://en.wikipedia.org/wiki/Matt_Bosher ,P,Miami FL,ACC,2011192
6,193,Philadelphia Eagles,Brian Rolle,https://en.wikipedia.org/wiki/Brian_Rolle ,LB,Ohio State,Big Ten,2011193
6,194,New England Patriots,Markell Carter,https://en.wikipedia.org/wiki/Markell_Carter ,DE,Central Arkansas,Southland,2011194
6,195,Chicago Bears,J T Thomas,https://en.wikipedia.org/wiki/J._T._Thomas_(linebacker) ,LB,West Virginia,Big East,2011195
6,196,Pittsburgh Steelers,Keith Williams,https://en.wikipedia.org/wiki/Keith_Williams_(offensive_lineman) ,OG,Nebraska,Big 12,2011196
6,197,Green Bay Packers,Ricky Elmore,https://en.wikipedia.org/wiki/Ricky_Elmore ,DE,Arizona,Pac10,2011197
6,198,New York Giants,Tyler Sash,https://en.wikipedia.org/wiki/Tyler_Sash ,S,Iowa,Big Ten,2011198
6,199,Kansas City Chiefs,Jerrell Powe,https://en.wikipedia.org/wiki/Jerrell_Powe ,DT,Ole Miss,SEC,2011199
6,200,Minnesota Vikings,Ross Homan,https://en.wikipedia.org/wiki/Ross_Homan ,LB,Ohio State,Big Ten,2011200
6,201,San Diego Chargers,Stephen Schilling,https://en.wikipedia.org/wiki/Stephen_Schilling ,OG,Michigan,Big Ten,2011201
6,202,New York Giants,Jacquian Williams,https://en.wikipedia.org/wiki/Jacquian_Williams ,LB,South Florida,Big East,2011202
6,203,Carolina Panthers,Zack Williams,https://en.wikipedia.org/wiki/Zack_Williams_(American_football) ,C,Washington State,Pac10,2011203
7,204,Denver Broncos,Virgil Green,https://en.wikipedia.org/wiki/Virgil_Green ,TE,Nevada,WAC,2011204
7,205,Seattle Seahawks,Lazarius Levingston,https://en.wikipedia.org/wiki/Lazarius_Levingston ,DE,LSU,SEC,2011205
7,206,Buffalo Bills,Justin Rogers,https://en.wikipedia.org/wiki/Justin_Rogers_(cornerback) ,CB,Richmond,CAA,2011206
7,207,Cincinnati Bengals,Korey Lindsey,https://en.wikipedia.org/wiki/Korey_Lindsey ,CB,Southern Illinois,MVFC,2011207
7,208,New York Jets,Greg McElroy,https://en.wikipedia.org/wiki/Greg_McElroy ,QB,Alabama,SEC,2011208
7,209,Detroit Lions,Johnny Culbreath,https://en.wikipedia.org/wiki/Johnny_Culbreath ,OT,South Carolina State,MEAC,2011209
7,210,Atlanta Falcons,AndrewJackson,,OG,Fresno State,WAC,2011210
7,211,San Francisco 49ers,Bruce Miller,https://en.wikipedia.org/wiki/Bruce_Miller_(American_football) ,FB,UCF,CUSA,2011211
7,212,Tennessee Titans,Zach Clayton,https://en.wikipedia.org/wiki/Zach_Clayton ,DT,Auburn,SEC,2011212
7,213,Washington Redskins,Brandyn Thompson,https://en.wikipedia.org/wiki/Brandyn_Thompson ,CB,Boise State,WAC,2011213
7,214,Houston Texans,Derek Newton,https://en.wikipedia.org/wiki/Derek_Newton ,OT,Arkansas State,Sun Belt,2011214
7,215,Minnesota Vikings,DAundre Reed,https://en.wikipedia.org/wiki/D%27Aundre_Reed ,DE,Arizona,Pac10,2011215
7,216,St Louis Rams,Mikail Baker,https://en.wikipedia.org/wiki/Mikail_Baker ,CB,Baylor,Big 12,2011216
7,217,Washington Redskins,Maurice Hurt,https://en.wikipedia.org/wiki/Maurice_Hurt ,OT,Florida,SEC,2011217
7,218,Green Bay Packers,Ryan Taylor,https://en.wikipedia.org/wiki/Ryan_Taylor_(American_football) ,TE,North Carolina,ACC,2011218
7,219,New England Patriots,Malcolm Williams,https://en.wikipedia.org/wiki/Malcolm_Williams_(American_football) ,CB,TCU,MWC,2011219
7,220,Dallas Cowboys,Shaun Chapas,https://en.wikipedia.org/wiki/Shaun_Chapas ,FB,Georgia,SEC,2011220
7,221,New York Giants,DaRel Scott,https://en.wikipedia.org/wiki/Da%27Rel_Scott ,RB,Maryland,ACC,2011221
7,222,Tampa Bay Buccaneers,Anthony Gaitor,https://en.wikipedia.org/wiki/Anthony_Gaitor ,CB,FIU,Sun Belt,2011222
7,223,Kansas City Chiefs,Shane Bannon,https://en.wikipedia.org/wiki/Shane_Bannon ,FB,Yale,Ivy,2011223
7,224,Washington Redskins,Markus White,https://en.wikipedia.org/wiki/Markus_White ,DE,Florida State,ACC,2011224
7,225,Baltimore Ravens,Anthony Allen,https://en.wikipedia.org/wiki/Anthony_Allen_(running_back) ,RB,Georgia Tech,ACC,2011225
7,226,New Orleans Saints,Greg Romeus,https://en.wikipedia.org/wiki/Greg_Romeus ,DE,Pittsburgh,Big East,2011226
7,227,New York Jets,Scotty McKnight,https://en.wikipedia.org/wiki/Scotty_McKnight ,WR,Colorado,Big 12,2011227
7,228,St Louis Rams,Jabara Williams,https://en.wikipedia.org/wiki/Jabara_Williams ,LB,Stephen F Austin,Southland,2011228
7,229,St Louis Rams,Jonathan Nelson,https://en.wikipedia.org/wiki/Jonathan_Nelson_(American_football) ,CB,Oklahoma,Big 12,2011229
7,230,Atlanta Falcons,Cliff Matthews,https://en.wikipedia.org/wiki/Cliff_Matthews_(American_football) ,DE,South Carolina,SEC,2011230
7,231,Miami Dolphins,Frank Kearse,https://en.wikipedia.org/wiki/Frank_Kearse ,DT,Alabama AM,SWAC,2011231
7,232,Pittsburgh Steelers,Baron Batch,https://en.wikipedia.org/wiki/Baron_Batch ,RB,Texas Tech,Big 12,2011232
7,233,Green Bay Packers,Lawrence Guy,https://en.wikipedia.org/wiki/Lawrence_Guy ,DT,Arizona State,Pac10,2011233
7,234,San Diego Chargers,Andrew Gachkar,https://en.wikipedia.org/wiki/Andrew_Gachkar ,LB,Missouri,Big 12,2011234
7,235,Miami Dolphins,Jimmy Wilson,https://en.wikipedia.org/wiki/Jimmy_Wilson_(American_football) ,CB,Montana,Big Sky,2011235
7,236,Minnesota Vikings,Stephen Burton,https://en.wikipedia.org/wiki/Stephen_Burton ,WR,West Texas AM,LSC,2011236
7,237,Philadelphia Eagles,Greg Lloyd Jr,https://en.wikipedia.org/wiki/Greg_Lloyd_Jr. ,LB,Connecticut,Big East,2011237
7,238,Tampa Bay Buccaneers,Daniel Hardy,https://en.wikipedia.org/wiki/Daniel_Hardy_(tight_end) ,TE,Idaho,WAC,2011238
7,239,San Francisco 49ers,Mike Person,https://en.wikipedia.org/wiki/Mike_Person ,OT,Montana State,Big Sky,2011239
7,240,Philadelphia Eagles,Stanley Havili,https://en.wikipedia.org/wiki/Stanley_Havili ,FB,USC,Pac10,2011240
7,241,Oakland Raiders,David Ausberry,https://en.wikipedia.org/wiki/David_Ausberry ,WR,USC,Pac10,2011241
7,242,Seattle Seahawks,Malcolm Smith,https://en.wikipedia.org/wiki/Malcolm_Smith_(American_football) ,LB,USC,Pac10,2011242
7,243,New Orleans Saints,Nate Bussey,https://en.wikipedia.org/wiki/Nate_Bussey ,LB,Illinois,Big Ten,2011243
7,244,Carolina Panthers,Lee Ziemba,https://en.wikipedia.org/wiki/Lee_Ziemba ,OT,Auburn,SEC,2011244
7,245,Buffalo Bills,Michael Jasper,https://en.wikipedia.org/wiki/Michael_Jasper ,OG,Bethel TN,MidSouth,2011245
7,246,Cincinnati Bengals,Jay Finley,https://en.wikipedia.org/wiki/Jay_Finley ,RB,Baylor,Big 12,2011246
7,247,Denver Broncos,Jeremy Beal,https://en.wikipedia.org/wiki/Jeremy_Beal ,LB,Oklahoma,Big 12,2011247
7,248,Cleveland Browns,Eric Hagg,https://en.wikipedia.org/wiki/Eric_Hagg ,CB,Nebraska,Big 12,2011248
7,249,Arizona Cardinals,DeMarco Sampson,https://en.wikipedia.org/wiki/DeMarco_Sampson ,WR,San Diego State,MWC,2011249
7,250,San Francisco 49ers,CurtisHolcomb,,CB,Florida AM,MEAC,2011250
7,251,Tennessee Titans,Tommie Campbell,https://en.wikipedia.org/wiki/Tommie_Campbell ,CB,California PA,PSAC,2011251
7,252,Dallas Cowboys,Bill Nagy,https://en.wikipedia.org/wiki/Bill_Nagy ,C,Wisconsin,Big Ten,2011252
7,253,Washington Redskins,Chris Neild,https://en.wikipedia.org/wiki/Chris_Neild ,DT,West Virginia,Big East,2011253
7,254,Houston Texans,Cheta Ozougwu,https://en.wikipedia.org/wiki/Cheta_Ozougwu ,DE,Rice,CUSA,2011254
