Round,Pick_No,Team,Player,Player_Link,Pos,College,Conf,ID,Conf_Clean,Div,MVP,SB_MVP,SB_WIN,OPOY,DPOY,OROY,DROY,First_AP,Second_AP,Pro_Bowl
1,1,Tampa Bay Buccaneers,Jameis Winston,https://en.wikipedia.org/wiki/Jameis_Winston ,QB,Florida State,ACC,2015001,ACC,NFC South,0,0,0,0,0,0,0,0,0,1
1,2,Tennessee Titans,Marcus Mariota,https://en.wikipedia.org/wiki/Marcus_Mariota ,QB,Oregon,Pac12,2015002,Pac12,AFC South,0,0,0,0,0,0,0,0,0,0
1,3,Jacksonville Jaguars,Dante Fowler,https://en.wikipedia.org/wiki/Dante_Fowler ,DE,Florida,SEC,2015003,SEC,AFC South,0,0,0,0,0,0,0,0,0,0
1,4,Las Vegas Raiders,Amari Cooper,https://en.wikipedia.org/wiki/Amari_Cooper ,WR,Alabama,SEC,2015004,SEC,AFC West,0,0,0,0,0,0,0,0,0,5
1,5,Washington Commanders,Brandon Scherff,https://en.wikipedia.org/wiki/Brandon_Scherff ,OT,Iowa,Big Ten,2015005,Big Ten,NFC East,0,0,0,0,0,0,0,1,0,5
1,6,New York Jets,Leonard Williams,https://en.wikipedia.org/wiki/Leonard_Williams_(American_football) ,DE,USC,Pac12,2015006,Pac12,AFC East,0,0,0,0,0,0,0,0,0,1
1,7,Chicago Bears,Kevin White,https://en.wikipedia.org/wiki/Kevin_White_(American_football) ,WR,West Virginia,Big 12,2015007,Big 12,NFC North,0,0,0,0,0,0,0,0,0,0
1,8,Atlanta Falcons,Vic Beasley,https://en.wikipedia.org/wiki/Vic_Beasley ,DE,Clemson,ACC,2015008,ACC,NFC South,0,0,0,0,0,0,0,1,0,1
1,9,New York Giants,Ereck Flowers,https://en.wikipedia.org/wiki/Ereck_Flowers ,OT,Miami FL,ACC,2015009,ACC,NFC East,0,0,0,0,0,0,0,0,0,0
1,10,Los Angeles Rams,Todd Gurley,https://en.wikipedia.org/wiki/Todd_Gurley ,RB,Georgia,SEC,2015010,SEC,NFC West,0,0,0,1,0,1,0,2,1,3
1,11,Minnesota Vikings,Trae Waynes,https://en.wikipedia.org/wiki/Trae_Waynes ,CB,Michigan State,Big Ten,2015011,Big Ten,NFC North,0,0,0,0,0,0,0,0,0,0
1,12,Cleveland Browns,Danny Shelton,https://en.wikipedia.org/wiki/Danny_Shelton ,DT,Washington,Pac12,2015012,Pac12,AFC North,0,0,2,0,0,0,0,0,0,0
1,13,New Orleans Saints,Andrus Peat,https://en.wikipedia.org/wiki/Andrus_Peat ,OT,Stanford,Pac12,2015013,Pac12,NFC South,0,0,0,0,0,0,0,0,0,3
1,14,Miami Dolphins,DeVante Parker,https://en.wikipedia.org/wiki/DeVante_Parker ,WR,Louisville,ACC,2015014,ACC,AFC East,0,0,0,0,0,0,0,0,0,0
1,15,Los Angeles Chargers,Melvin Gordon,https://en.wikipedia.org/wiki/Melvin_Gordon ,RB,Wisconsin,Big Ten,2015015,Big Ten,AFC West,0,0,1,0,0,0,0,0,0,2
1,16,Houston Texans,Kevin Johnson,https://en.wikipedia.org/wiki/Kevin_Johnson_(cornerback) ,CB,Wake Forest,ACC,2015016,ACC,AFC South,0,0,0,0,0,0,0,0,0,0
1,17,San Francisco 49ers,Arik Armstead,https://en.wikipedia.org/wiki/Arik_Armstead ,DE,Oregon,Pac12,2015017,Pac12,NFC West,0,0,0,0,0,0,0,0,0,0
1,18,Kansas City Chiefs,Marcus Peters,https://en.wikipedia.org/wiki/Marcus_Peters ,CB,Washington,Pac12,2015018,Pac12,AFC West,0,0,0,0,0,0,1,2,2,3
1,19,Cleveland Browns,Cameron Erving,https://en.wikipedia.org/wiki/Cameron_Erving ,C,Florida State,ACC,2015019,ACC,AFC North,0,0,1,0,0,0,0,0,0,0
1,20,Philadelphia Eagles,Nelson Agholor,https://en.wikipedia.org/wiki/Nelson_Agholor ,WR,USC,Pac12,2015020,Pac12,NFC East,0,0,1,0,0,0,0,0,0,0
1,21,Cincinnati Bengals,Cedric Ogbuehi,https://en.wikipedia.org/wiki/Cedric_Ogbuehi ,OT,Texas AM,SEC,2015021,SEC,AFC North,0,0,0,0,0,0,0,0,0,0
1,22,Pittsburgh Steelers,Bud Dupree,https://en.wikipedia.org/wiki/Bud_Dupree ,LB,Kentucky,SEC,2015022,SEC,AFC North,0,0,0,0,0,0,0,0,0,0
1,23,Denver Broncos,Shane Ray,https://en.wikipedia.org/wiki/Shane_Ray ,DE,Missouri,SEC,2015023,SEC,AFC West,0,0,1,0,0,0,0,0,0,0
1,24,Arizona Cardinals,D J Humphries,https://en.wikipedia.org/wiki/D._J._Humphries ,OT,Florida,SEC,2015024,SEC,NFC West,0,0,0,0,0,0,0,0,0,1
1,25,Carolina Panthers,Shaq Thompson,https://en.wikipedia.org/wiki/Shaq_Thompson ,LB,Washington,Pac12,2015025,Pac12,NFC South,0,0,0,0,0,0,0,0,0,0
1,26,Baltimore Ravens,Breshad Perriman,https://en.wikipedia.org/wiki/Breshad_Perriman ,WR,UCF,The American,2015026,Other,AFC North,0,0,0,0,0,0,0,0,0,0
1,27,Dallas Cowboys,Byron Jones,https://en.wikipedia.org/wiki/Byron_Jones_(American_football) ,CB,UConn,The American,2015027,Other,NFC East,0,0,0,0,0,0,0,0,1,1
1,28,Detroit Lions,Laken Tomlinson,https://en.wikipedia.org/wiki/Laken_Tomlinson ,OG,Duke,ACC,2015028,ACC,NFC North,0,0,0,0,0,0,0,0,0,1
1,29,Indianapolis Colts,Phillip Dorsett,https://en.wikipedia.org/wiki/Phillip_Dorsett ,WR,Miami FL,ACC,2015029,ACC,AFC South,0,0,1,0,0,0,0,0,0,0
1,30,Green Bay Packers,Damarious Randall,https://en.wikipedia.org/wiki/Damarious_Randall ,S,Arizona State,Pac12,2015030,Pac12,NFC North,0,0,0,0,0,0,0,0,0,0
1,31,New Orleans Saints,Stephone Anthony,https://en.wikipedia.org/wiki/Stephone_Anthony ,LB,Clemson,ACC,2015031,ACC,NFC South,0,0,0,0,0,0,0,0,0,0
1,32,New England Patriots,Malcom Brown,https://en.wikipedia.org/wiki/Malcom_Brown ,DT,Texas,Big 12,2015032,Big 12,AFC East,0,0,2,0,0,0,0,0,0,0
2,33,New York Giants,Landon Collins,https://en.wikipedia.org/wiki/Landon_Collins ,S,Alabama,SEC,2015033,SEC,NFC East,0,0,0,0,0,0,0,1,0,3
2,34,Tampa Bay Buccaneers,Donovan Smith,https://en.wikipedia.org/wiki/Donovan_Smith ,OT,Penn State,Big Ten,2015034,Big Ten,NFC South,0,0,2,0,0,0,0,0,0,0
2,35,Las Vegas Raiders,Mario Edwards Jr,https://en.wikipedia.org/wiki/Mario_Edwards_Jr. ,DE,Florida State,ACC,2015035,ACC,AFC West,0,0,0,0,0,0,0,0,0,0
2,36,Jacksonville Jaguars,T J Yeldon,https://en.wikipedia.org/wiki/T._J._Yeldon ,RB,Alabama,SEC,2015036,SEC,AFC South,0,0,0,0,0,0,0,0,0,0
2,37,New York Jets,Devin Smith,https://en.wikipedia.org/wiki/Devin_Smith_(American_football) ,WR,Ohio State,Big Ten,2015037,Big Ten,AFC East,0,0,0,0,0,0,0,0,0,0
2,38,Washington Commanders,Preston Smith,https://en.wikipedia.org/wiki/Preston_Smith_(linebacker) ,DE,Mississippi State,SEC,2015038,SEC,NFC East,0,0,0,0,0,0,0,0,0,0
2,39,Chicago Bears,Eddie Goldman,https://en.wikipedia.org/wiki/Eddie_Goldman ,DT,Florida State,ACC,2015039,ACC,NFC North,0,0,0,0,0,0,0,0,0,0
2,40,Tennessee Titans,Dorial GreenBeckham,https://en.wikipedia.org/wiki/Dorial_Green-Beckham ,WR,Missouri,SEC,2015040,SEC,AFC South,0,0,0,0,0,0,0,0,0,0
2,41,Carolina Panthers,Devin Funchess,https://en.wikipedia.org/wiki/Devin_Funchess ,WR,Michigan,Big Ten,2015041,Big Ten,NFC South,0,0,0,0,0,0,0,0,0,0
2,42,Atlanta Falcons,Jalen Collins,https://en.wikipedia.org/wiki/Jalen_Collins ,CB,LSU,SEC,2015042,SEC,NFC South,0,0,0,0,0,0,0,0,0,0
2,43,Houston Texans,Benardrick McKinney,https://en.wikipedia.org/wiki/Benardrick_McKinney ,LB,Mississippi State,SEC,2015043,SEC,AFC South,0,0,0,0,0,0,0,0,1,1
2,44,New Orleans Saints,Hauoli Kikaha,https://en.wikipedia.org/wiki/Hau%27oli_Kikaha ,LB,Washington,Pac12,2015044,Pac12,NFC South,0,0,0,0,0,0,0,0,0,0
2,45,Minnesota Vikings,Eric Kendricks,https://en.wikipedia.org/wiki/Eric_Kendricks ,LB,UCLA,Pac12,2015045,Pac12,NFC North,0,0,0,0,0,0,0,1,0,1
2,46,San Francisco 49ers,Jaquiski Tartt,https://en.wikipedia.org/wiki/Jaquiski_Tartt ,S,Samford,SoCon,2015046,Other,NFC West,0,0,0,0,0,0,0,0,0,0
2,47,Philadelphia Eagles,Eric Rowe,https://en.wikipedia.org/wiki/Eric_Rowe ,CB,Utah,Pac12,2015047,Pac12,NFC East,0,0,2,0,0,0,0,0,0,0
2,48,Los Angeles Chargers,Denzel Perryman,https://en.wikipedia.org/wiki/Denzel_Perryman ,LB,Miami FL,ACC,2015048,ACC,AFC West,0,0,0,0,0,0,0,0,0,1
2,49,Kansas City Chiefs,Mitch Morse,https://en.wikipedia.org/wiki/Mitch_Morse ,OG,Missouri,SEC,2015049,SEC,AFC West,0,0,0,0,0,0,0,0,0,1
2,50,Buffalo Bills,Ronald Darby,https://en.wikipedia.org/wiki/Ronald_Darby ,CB,Florida State,ACC,2015050,ACC,AFC East,0,0,1,0,0,0,0,0,0,0
2,51,Cleveland Browns,Nate Orchard,https://en.wikipedia.org/wiki/Nate_Orchard ,DE,Utah,Pac12,2015051,Pac12,AFC North,0,0,0,0,0,0,0,0,0,0
2,52,Miami Dolphins,Jordan Phillips,https://en.wikipedia.org/wiki/Jordan_Phillips ,DT,Oklahoma,Big 12,2015052,Big 12,AFC East,0,0,0,0,0,0,0,0,0,0
2,53,Cincinnati Bengals,Jake Fisher,https://en.wikipedia.org/wiki/Jake_Fisher ,OT,Oregon,Pac12,2015053,Pac12,AFC North,0,0,0,0,0,0,0,0,0,0
2,54,Detroit Lions,Ameer Abdullah,https://en.wikipedia.org/wiki/Ameer_Abdullah ,RB,Nebraska,Big Ten,2015054,Big Ten,NFC North,0,0,0,0,0,0,0,0,0,0
2,55,Baltimore Ravens,Maxx Williams,https://en.wikipedia.org/wiki/Maxx_Williams ,TE,Minnesota,Big Ten,2015055,Big Ten,AFC North,0,0,0,0,0,0,0,0,0,0
2,56,Pittsburgh Steelers,Senquez Golson,https://en.wikipedia.org/wiki/Senquez_Golson ,CB,Ole Miss,SEC,2015056,SEC,AFC North,0,0,0,0,0,0,0,0,0,0
2,57,Los Angeles Rams,Rob Havenstein,https://en.wikipedia.org/wiki/Rob_Havenstein ,OT,Wisconsin,Big Ten,2015057,Big Ten,NFC West,0,0,1,0,0,0,0,0,0,0
2,58,Arizona Cardinals,Markus Golden,https://en.wikipedia.org/wiki/Markus_Golden ,DE,Missouri,SEC,2015058,SEC,NFC West,0,0,0,0,0,0,0,0,0,0
2,59,Denver Broncos,Ty Sambrailo,https://en.wikipedia.org/wiki/Ty_Sambrailo ,OT,Colorado State,MW,2015059,Other,AFC West,0,0,1,0,0,0,0,0,0,0
2,60,Dallas Cowboys,Randy Gregory,https://en.wikipedia.org/wiki/Randy_Gregory ,LB,Nebraska,Big Ten,2015060,Big Ten,NFC East,0,0,0,0,0,0,0,0,0,0
2,61,Tampa Bay Buccaneers,Ali Marpet,https://en.wikipedia.org/wiki/Ali_Marpet ,OG,Hobart,Liberty,2015061,Other,NFC South,0,0,1,0,0,0,0,0,0,1
2,62,Green Bay Packers,Quinten Rollins,https://en.wikipedia.org/wiki/Quinten_Rollins ,CB,Miami OH,MAC,2015062,Other,NFC North,0,0,0,0,0,0,0,0,0,0
2,63,Seattle Seahawks,Frank Clark,https://en.wikipedia.org/wiki/Frank_Clark_(American_football) ,DE,Michigan,Big Ten,2015063,Big Ten,NFC West,0,0,2,0,0,0,0,0,0,3
2,64,New England Patriots,Jordan Richards,https://en.wikipedia.org/wiki/Jordan_Richards_(American_football) ,S,Stanford,Pac12,2015064,Pac12,AFC East,0,0,1,0,0,0,0,0,0,0
3,65,Indianapolis Colts,DJoun Smith,https://en.wikipedia.org/wiki/D%27Joun_Smith ,CB,Florida Atlantic,CUSA,2015065,Other,AFC South,0,0,0,0,0,0,0,0,0,0
3,66,Tennessee Titans,Jeremiah Poutasi,https://en.wikipedia.org/wiki/Jeremiah_Poutasi ,OG,Utah,Pac12,2015066,Pac12,AFC South,0,0,0,0,0,0,0,0,0,0
3,67,Jacksonville Jaguars,A J Cann,https://en.wikipedia.org/wiki/A._J._Cann ,OG,South Carolina,SEC,2015067,SEC,AFC South,0,0,0,0,0,0,0,0,0,0
3,68,Las Vegas Raiders,Clive Walford,https://en.wikipedia.org/wiki/Clive_Walford ,TE,Miami FL,ACC,2015068,ACC,AFC West,0,0,0,0,0,0,0,0,0,0
3,69,Seattle Seahawks,Tyler Lockett,https://en.wikipedia.org/wiki/Tyler_Lockett ,WR,Kansas State,Big 12,2015069,Big 12,NFC West,0,0,0,0,0,0,0,1,2,1
3,70,Houston Texans,Jaelen Strong,https://en.wikipedia.org/wiki/Jaelen_Strong ,WR,Arizona State,Pac12,2015070,Pac12,AFC South,0,0,0,0,0,0,0,0,0,0
3,71,Chicago Bears,Hroniss Grasu,https://en.wikipedia.org/wiki/Hroniss_Grasu ,C,Oregon,Pac12,2015071,Pac12,NFC North,0,0,0,0,0,0,0,0,0,0
3,72,Los Angeles Rams,Jamon Brown,https://en.wikipedia.org/wiki/Jamon_Brown ,OT,Louisville,ACC,2015072,ACC,NFC West,0,0,0,0,0,0,0,0,0,0
3,73,Atlanta Falcons,Tevin Coleman,https://en.wikipedia.org/wiki/Tevin_Coleman ,RB,Indiana,Big Ten,2015073,Big Ten,NFC South,0,0,0,0,0,0,0,0,0,0
3,74,New York Giants,Owa Odighizuwa,https://en.wikipedia.org/wiki/Owa_Odighizuwa ,DE,UCLA,Pac12,2015074,Pac12,NFC East,0,0,0,0,0,0,0,0,0,0
3,75,New Orleans Saints,Garrett Grayson,https://en.wikipedia.org/wiki/Garrett_Grayson ,QB,Colorado State,MW,2015075,Other,NFC South,0,0,0,0,0,0,0,0,0,0
3,76,Kansas City Chiefs,Chris Conley,https://en.wikipedia.org/wiki/Chris_Conley_(American_football) ,WR,Georgia,SEC,2015076,SEC,AFC West,0,0,0,0,0,0,0,0,0,0
3,77,Cleveland Browns,Duke Johnson,https://en.wikipedia.org/wiki/Duke_Johnson ,RB,Miami FL,ACC,2015077,ACC,AFC North,0,0,0,0,0,0,0,0,0,0
3,78,New Orleans Saints,P J Williams,https://en.wikipedia.org/wiki/P._J._Williams ,CB,Florida State,ACC,2015078,ACC,NFC South,0,0,0,0,0,0,0,0,0,0
3,79,San Francisco 49ers,Eli Harold,https://en.wikipedia.org/wiki/Eli_Harold ,DE,Virginia,ACC,2015079,ACC,NFC West,0,0,0,0,0,0,0,0,0,0
3,80,Detroit Lions,Alex Carter,https://en.wikipedia.org/wiki/Alex_Carter_(cornerback) ,CB,Stanford,Pac12,2015080,Pac12,NFC North,0,0,0,0,0,0,0,0,0,0
3,81,Buffalo Bills,John Miller,"https://en.wikipedia.org/wiki/John_Miller_(offensive_lineman,_born_1993) ",OG,Louisville,ACC,2015081,ACC,AFC East,0,0,0,0,0,0,0,0,0,0
3,82,New York Jets,Lorenzo Mauldin,https://en.wikipedia.org/wiki/Lorenzo_Mauldin ,LB,Louisville,ACC,2015082,ACC,AFC East,0,0,0,0,0,0,0,0,0,0
3,83,Los Angeles Chargers,Craig Mager,https://en.wikipedia.org/wiki/Craig_Mager ,CB,Texas State,Sun Belt,2015083,Other,AFC West,0,0,0,0,0,0,0,0,0,0
3,84,Philadelphia Eagles,Jordan Hicks,https://en.wikipedia.org/wiki/Jordan_Hicks ,LB,Texas,Big 12,2015084,Big 12,NFC East,0,0,1,0,0,0,0,0,0,0
3,85,Cincinnati Bengals,Tyler Kroft,https://en.wikipedia.org/wiki/Tyler_Kroft ,TE,Rutgers,Big Ten,2015085,Big Ten,AFC North,0,0,0,0,0,0,0,0,0,0
3,86,Arizona Cardinals,David Johnson,https://en.wikipedia.org/wiki/David_Johnson_(running_back) ,RB,Northern Iowa,MVFC,2015086,Other,NFC West,0,0,0,0,0,0,0,1,1,1
3,87,Pittsburgh Steelers,Sammie Coates,https://en.wikipedia.org/wiki/Sammie_Coates ,WR,Auburn,SEC,2015087,SEC,AFC North,0,0,0,0,0,0,0,0,0,0
3,88,Minnesota Vikings,Danielle Hunter,https://en.wikipedia.org/wiki/Danielle_Hunter ,DE,LSU,SEC,2015088,SEC,NFC North,0,0,0,0,0,0,0,0,1,4
3,89,Los Angeles Rams,Sean Mannion,https://en.wikipedia.org/wiki/Sean_Mannion_(American_football) ,QB,Oregon State,Pac12,2015089,Pac12,NFC West,0,0,0,0,0,0,0,0,0,0
3,90,Baltimore Ravens,Carl Davis,https://en.wikipedia.org/wiki/Carl_Davis_(American_football) ,DT,Iowa,Big Ten,2015090,Big Ten,AFC North,0,0,0,0,0,0,0,0,0,0
3,91,Dallas Cowboys,Chaz Green,https://en.wikipedia.org/wiki/Chaz_Green ,OT,Florida,SEC,2015091,SEC,NFC East,0,0,0,0,0,0,0,0,0,0
3,92,Denver Broncos,Jeff Heuerman,https://en.wikipedia.org/wiki/Jeff_Heuerman ,TE,Ohio State,Big Ten,2015092,Big Ten,AFC West,0,0,1,0,0,0,0,0,0,0
3,93,Indianapolis Colts,Henry Anderson,https://en.wikipedia.org/wiki/Henry_Anderson_(American_football) ,DE,Stanford,Pac12,2015093,Pac12,AFC South,0,0,0,0,0,0,0,0,0,0
3,94,Green Bay Packers,Ty Montgomery,https://en.wikipedia.org/wiki/Ty_Montgomery ,WR,Stanford,Pac12,2015094,Pac12,NFC North,0,0,0,0,0,0,0,0,0,0
3,95,Washington Commanders,Matt Jones,https://en.wikipedia.org/wiki/Matt_Jones_(running_back) ,RB,Florida,SEC,2015095,SEC,NFC East,0,0,0,0,0,0,0,0,0,0
3,96,Cleveland Browns,Xavier Cooper,https://en.wikipedia.org/wiki/Xavier_Cooper ,DT,Washington State,Pac12,2015096,Pac12,AFC North,0,0,0,0,0,0,0,0,0,0
3,97,New England Patriots,Geneo Grissom,https://en.wikipedia.org/wiki/Geneo_Grissom ,DE,Oklahoma,Big 12,2015097,Big 12,AFC East,0,0,1,0,0,0,0,0,0,0
3,98,Kansas City Chiefs,Steven Nelson,https://en.wikipedia.org/wiki/Steven_Nelson ,CB,Oregon State,Pac12,2015098,Pac12,AFC West,0,0,0,0,0,0,0,0,0,0
3,99,Cincinnati Bengals,Paul Dawson,https://en.wikipedia.org/wiki/Paul_Dawson_(American_football) ,LB,TCU,Big 12,2015099,Big 12,AFC North,0,0,0,0,0,0,0,0,0,0
4,100,Tennessee Titans,Angelo Blackson,https://en.wikipedia.org/wiki/Angelo_Blackson ,DT,Auburn,SEC,2015100,SEC,AFC South,0,0,0,0,0,0,0,0,0,0
4,101,New England Patriots,Trey Flowers,https://en.wikipedia.org/wiki/Trey_Flowers ,DE,Arkansas,SEC,2015101,SEC,AFC East,0,0,2,0,0,0,0,0,0,0
4,102,Carolina Panthers,Daryl Williams,https://en.wikipedia.org/wiki/Daryl_Williams_(American_football) ,OT,Oklahoma,Big 12,2015102,Big 12,NFC South,0,0,0,0,0,0,0,0,1,0
4,103,New York Jets,Bryce Petty,https://en.wikipedia.org/wiki/Bryce_Petty ,QB,Baylor,Big 12,2015103,Big 12,AFC East,0,0,0,0,0,0,0,0,0,0
4,104,Jacksonville Jaguars,James Sample,https://en.wikipedia.org/wiki/James_Sample_(American_football) ,S,Louisville,ACC,2015104,ACC,AFC South,0,0,0,0,0,0,0,0,0,0
4,105,Washington Commanders,Jamison Crowder,https://en.wikipedia.org/wiki/Jamison_Crowder ,WR,Duke,ACC,2015105,ACC,NFC East,0,0,0,0,0,0,0,0,0,0
4,106,Chicago Bears,Jeremy Langford,https://en.wikipedia.org/wiki/Jeremy_Langford ,RB,Michigan State,Big Ten,2015106,Big Ten,NFC North,0,0,0,0,0,0,0,0,0,0
4,107,Atlanta Falcons,Justin Hardy,https://en.wikipedia.org/wiki/Justin_Hardy ,WR,East Carolina,The American,2015107,Other,NFC South,0,0,0,0,0,0,0,0,0,0
4,108,Tennessee Titans,Jalston Fowler,https://en.wikipedia.org/wiki/Jalston_Fowler ,FB,Alabama,SEC,2015108,SEC,AFC South,0,0,0,0,0,0,0,0,0,0
4,109,Indianapolis Colts,Clayton Geathers,https://en.wikipedia.org/wiki/Clayton_Geathers ,S,UCF,The American,2015109,Other,AFC South,0,0,0,0,0,0,0,0,0,0
4,110,Minnesota Vikings,T J Clemmings,https://en.wikipedia.org/wiki/T._J._Clemmings ,OT,Pittsburgh,ACC,2015110,ACC,NFC North,0,0,0,0,0,0,0,0,0,0
4,111,New England Patriots,Tre Jackson,https://en.wikipedia.org/wiki/Tre%27_Jackson ,OG,Florida State,ACC,2015111,ACC,AFC East,0,0,1,0,0,0,0,0,0,0
4,112,Washington Commanders,Arie Kouandjio,https://en.wikipedia.org/wiki/Arie_Kouandjio ,OG,Alabama,SEC,2015112,SEC,NFC East,0,0,0,0,0,0,0,0,0,0
4,113,Detroit Lions,Gabe Wright,https://en.wikipedia.org/wiki/Gabe_Wright ,DT,Auburn,SEC,2015113,SEC,NFC North,0,0,0,0,0,0,0,0,0,0
4,114,Miami Dolphins,Jamil Douglas,https://en.wikipedia.org/wiki/Jamil_Douglas ,OG,Arizona State,Pac12,2015114,Pac12,AFC East,0,0,1,0,0,0,0,0,0,0
4,115,Cleveland Browns,Ibraheim Campbell,https://en.wikipedia.org/wiki/Ibraheim_Campbell ,S,Northwestern,Big Ten,2015115,Big Ten,AFC North,0,0,0,0,0,0,0,0,0,0
4,116,Arizona Cardinals,Rodney Gunter,https://en.wikipedia.org/wiki/Rodney_Gunter ,DT,Delaware State,MEAC,2015116,Other,NFC West,0,0,0,0,0,0,0,0,0,0
4,117,San Francisco 49ers,Blake Bell,https://en.wikipedia.org/wiki/Blake_Bell ,TE,Oklahoma,Big 12,2015117,Big 12,NFC West,0,0,3,0,0,0,0,0,0,0
4,118,Kansas City Chiefs,Ramik Wilson,https://en.wikipedia.org/wiki/Ramik_Wilson ,LB,Georgia,SEC,2015118,SEC,AFC West,0,0,0,0,0,0,0,0,0,0
4,119,Los Angeles Rams,Andrew Donnal,https://en.wikipedia.org/wiki/Andrew_Donnal ,OT,Iowa,Big Ten,2015119,Big Ten,NFC West,0,0,0,0,0,0,0,0,0,0
4,120,Cincinnati Bengals,Josh Shaw,https://en.wikipedia.org/wiki/Josh_Shaw_(defensive_back) ,CB,USC,Pac12,2015120,Pac12,AFC North,0,0,0,0,0,0,0,0,0,0
4,121,Pittsburgh Steelers,Doran Grant,https://en.wikipedia.org/wiki/Doran_Grant ,CB,Ohio State,Big Ten,2015121,Big Ten,AFC North,0,0,0,0,0,0,0,0,0,0
4,122,Baltimore Ravens,ZaDarius Smith,https://en.wikipedia.org/wiki/Za%27Darius_Smith ,LB,Kentucky,SEC,2015122,SEC,AFC North,0,0,0,0,0,0,0,0,1,3
4,123,Cleveland Browns,Vince Mayle,https://en.wikipedia.org/wiki/Vince_Mayle ,WR,Washington State,Pac12,2015123,Pac12,AFC North,0,0,0,0,0,0,0,0,0,0
4,124,Tampa Bay Buccaneers,Kwon Alexander,https://en.wikipedia.org/wiki/Kwon_Alexander ,LB,LSU,SEC,2015124,SEC,NFC South,0,0,0,0,0,0,0,0,0,1
4,125,Baltimore Ravens,Javorius Allen,https://en.wikipedia.org/wiki/Javorius_Allen ,RB,USC,Pac12,2015125,Pac12,AFC North,0,0,0,0,0,0,0,0,0,0
4,126,San Francisco 49ers,Mike Davis,https://en.wikipedia.org/wiki/Mike_Davis_(running_back) ,RB,South Carolina,SEC,2015126,SEC,NFC West,0,0,0,0,0,0,0,0,0,0
4,127,Dallas Cowboys,Damien Wilson,https://en.wikipedia.org/wiki/Damien_Wilson ,LB,Minnesota,Big Ten,2015127,Big Ten,NFC East,0,0,1,0,0,0,0,0,0,0
4,128,Las Vegas Raiders,Jon Feliciano,https://en.wikipedia.org/wiki/Jon_Feliciano ,OG,Miami FL,ACC,2015128,ACC,AFC West,0,0,0,0,0,0,0,0,0,0
4,129,Green Bay Packers,Jake Ryan,https://en.wikipedia.org/wiki/Jake_Ryan_(American_football) ,LB,Michigan,Big Ten,2015129,Big Ten,NFC North,0,0,0,0,0,0,0,0,0,0
4,130,Seattle Seahawks,Terry Poole,https://en.wikipedia.org/wiki/Terry_Poole_(American_football) ,OG,San Diego State,MW,2015130,Other,NFC West,0,0,0,0,0,0,0,0,0,0
4,131,New England Patriots,Shaq Mason,https://en.wikipedia.org/wiki/Shaq_Mason ,C,Georgia Tech,ACC,2015131,ACC,AFC East,0,0,2,0,0,0,0,0,0,0
4,132,San Francisco 49ers,DeAndre Smelter,https://en.wikipedia.org/wiki/DeAndre_Smelter ,WR,Georgia Tech,ACC,2015132,ACC,NFC West,0,0,0,0,0,0,0,0,0,0
4,133,Denver Broncos,Max Garcia,https://en.wikipedia.org/wiki/Max_Garcia ,C,Florida,SEC,2015133,SEC,AFC West,0,0,1,0,0,0,0,0,0,0
4,134,Seattle Seahawks,Mark Glowinski,https://en.wikipedia.org/wiki/Mark_Glowinski ,OG,West Virginia,Big 12,2015134,Big 12,NFC West,0,0,0,0,0,0,0,0,0,0
4,135,Cincinnati Bengals,Marcus Hardison,https://en.wikipedia.org/wiki/Marcus_Hardison ,DE,Arizona State,Pac12,2015135,Pac12,AFC North,0,0,0,0,0,0,0,0,0,0
4,136,Baltimore Ravens,Tray Walker,https://en.wikipedia.org/wiki/Tray_Walker ,CB,Texas Southern,SWAC,2015136,Other,AFC North,0,0,0,0,0,0,0,0,0,0
5,137,Atlanta Falcons,Grady Jarrett,https://en.wikipedia.org/wiki/Grady_Jarrett ,DT,Clemson,ACC,2015137,ACC,NFC South,0,0,0,0,0,0,0,0,1,2
5,138,Tennessee Titans,David Cobb,https://en.wikipedia.org/wiki/David_Cobb_(American_football) ,RB,Minnesota,Big Ten,2015138,Big Ten,AFC South,0,0,0,0,0,0,0,0,0,0
5,139,Jacksonville Jaguars,Rashad Greene,https://en.wikipedia.org/wiki/Rashad_Greene ,WR,Florida State,ACC,2015139,ACC,AFC South,0,0,0,0,0,0,0,0,0,0
5,140,Las Vegas Raiders,Ben Heeney,https://en.wikipedia.org/wiki/Ben_Heeney ,LB,Kansas,Big 12,2015140,Big 12,AFC West,0,0,0,0,0,0,0,0,0,0
5,141,Washington Commanders,Martrell Spaight,https://en.wikipedia.org/wiki/Martrell_Spaight ,LB,Arkansas,SEC,2015141,SEC,NFC East,0,0,0,0,0,0,0,0,0,0
5,142,Chicago Bears,Adrian Amos,https://en.wikipedia.org/wiki/Adrian_Amos ,S,Penn State,Big Ten,2015142,Big Ten,NFC North,0,0,0,0,0,0,0,0,0,0
5,143,Minnesota Vikings,MyCole Pruitt,https://en.wikipedia.org/wiki/MyCole_Pruitt ,TE,Southern Illinois,MVFC,2015143,Other,NFC North,0,0,0,0,0,0,0,0,0,0
5,144,New York Giants,Mykkele Thompson,https://en.wikipedia.org/wiki/Mykkele_Thompson ,S,Texas,Big 12,2015144,Big 12,NFC East,0,0,0,0,0,0,0,0,0,0
5,145,Miami Dolphins,Bobby McCain,https://en.wikipedia.org/wiki/Bobby_McCain ,CB,Memphis,The American,2015145,Other,AFC East,0,0,0,0,0,0,0,0,0,0
5,146,Minnesota Vikings,Stefon Diggs,https://en.wikipedia.org/wiki/Stefon_Diggs ,WR,Maryland,Big Ten,2015146,Big Ten,NFC North,0,0,0,0,0,0,0,1,1,4
5,147,Green Bay Packers,Brett Hundley,https://en.wikipedia.org/wiki/Brett_Hundley ,QB,UCLA,Pac12,2015147,Pac12,NFC North,0,0,0,0,0,0,0,0,0,0
5,148,New Orleans Saints,Davis Tull,https://en.wikipedia.org/wiki/Davis_Tull ,LB,Chattanooga,SoCon,2015148,Other,NFC South,0,0,0,0,0,0,0,0,0,0
5,149,Miami Dolphins,Jay Ajayi,https://en.wikipedia.org/wiki/Jay_Ajayi ,RB,Boise State,MW,2015149,Other,AFC East,0,0,1,0,0,0,0,0,0,1
5,150,Miami Dolphins,Cedric Thompson,https://en.wikipedia.org/wiki/Cedric_Thompson_(safety) ,S,Minnesota,Big Ten,2015150,Big Ten,AFC East,0,0,0,0,0,0,0,0,0,0
5,151,Indianapolis Colts,David Parry,https://en.wikipedia.org/wiki/David_Parry_(American_football) ,DT,Stanford,Pac12,2015151,Pac12,AFC South,0,0,0,0,0,0,0,0,0,0
5,152,New York Jets,Jarvis Harrison,https://en.wikipedia.org/wiki/Jarvis_Harrison ,OG,Texas AM,SEC,2015152,SEC,AFC East,0,0,0,0,0,0,0,0,0,0
5,153,Los Angeles Chargers,Kyle Emanuel,https://en.wikipedia.org/wiki/Kyle_Emanuel ,LB,North Dakota State,MVFC,2015153,Other,AFC West,0,0,0,0,0,0,0,0,0,0
5,154,New Orleans Saints,Tyeler Davison,https://en.wikipedia.org/wiki/Tyeler_Davison ,DT,Fresno State,MW,2015154,Other,NFC South,0,0,0,0,0,0,0,0,0,0
5,155,Buffalo Bills,Karlos Williams,https://en.wikipedia.org/wiki/Karlos_Williams ,RB,Florida State,ACC,2015155,ACC,AFC East,0,0,0,0,0,0,0,0,0,0
5,156,Miami Dolphins,Tony Lippett,https://en.wikipedia.org/wiki/Tony_Lippett ,WR,Michigan State,Big Ten,2015156,Big Ten,AFC East,0,0,0,0,0,0,0,0,0,0
5,157,Cincinnati Bengals,C J Uzomah,https://en.wikipedia.org/wiki/C._J._Uzomah ,TE,Auburn,SEC,2015157,SEC,AFC North,0,0,0,0,0,0,0,0,0,0
5,158,Arizona Cardinals,Shaquille Riddick,https://en.wikipedia.org/wiki/Shaquille_Riddick ,DE,West Virginia,Big 12,2015158,Big 12,NFC West,0,0,0,0,0,0,0,0,0,0
5,159,Arizona Cardinals,J J Nelson,https://en.wikipedia.org/wiki/J._J._Nelson ,WR,UAB,CUSA,2015159,Other,NFC West,0,0,0,0,0,0,0,0,0,0
5,160,Pittsburgh Steelers,Jesse James,https://en.wikipedia.org/wiki/Jesse_James_(tight_end) ,TE,Penn State,Big Ten,2015160,Big Ten,AFC North,0,0,0,0,0,0,0,0,0,0
5,161,Las Vegas Raiders,Neiron Ball,https://en.wikipedia.org/wiki/Neiron_Ball ,LB,Florida,SEC,2015161,SEC,AFC West,0,0,0,0,0,0,0,0,0,0
5,162,Tampa Bay Buccaneers,Kenny Bell,https://en.wikipedia.org/wiki/Kenny_Bell ,WR,Nebraska,Big Ten,2015162,Big Ten,NFC South,0,0,0,0,0,0,0,0,0,0
5,163,Dallas Cowboys,Ryan Russell,https://en.wikipedia.org/wiki/Ryan_Russell_(American_football) ,DE,Purdue,Big Ten,2015163,Big Ten,NFC East,0,0,0,0,0,0,0,0,0,0
5,164,Denver Broncos,Lorenzo Doss,https://en.wikipedia.org/wiki/Lorenzo_Doss ,CB,Tulane,The American,2015164,Other,AFC West,0,0,1,0,0,0,0,0,0,0
5,165,San Francisco 49ers,Bradley Pinion,https://en.wikipedia.org/wiki/Bradley_Pinion ,P,Clemson,ACC,2015165,ACC,NFC West,0,0,1,0,0,0,0,0,0,0
5,166,New England Patriots,Joe Cardona,https://en.wikipedia.org/wiki/Joe_Cardona ,LS,Navy,Ind FBS,2015166,Other,AFC East,0,0,2,0,0,0,0,0,0,0
5,167,New Orleans Saints,Damian Swann,https://en.wikipedia.org/wiki/Damian_Swann ,CB,Georgia,SEC,2015167,SEC,NFC South,0,0,0,0,0,0,0,0,0,0
5,168,Detroit Lions,Michael Burton,https://en.wikipedia.org/wiki/Michael_Burton_(American_football) ,FB,Rutgers,Big Ten,2015168,Big Ten,NFC North,0,0,1,0,0,0,0,0,0,0
5,169,Carolina Panthers,David Mayo,https://en.wikipedia.org/wiki/David_Mayo ,LB,Texas State,Sun Belt,2015169,Other,NFC South,0,0,0,0,0,0,0,0,0,0
5,170,Seattle Seahawks,Tye Smith,https://en.wikipedia.org/wiki/Tye_Smith ,CB,Towson,CAA,2015170,Other,NFC West,0,0,0,0,0,0,0,0,0,0
5,171,Baltimore Ravens,Nick Boyle,https://en.wikipedia.org/wiki/Nick_Boyle ,TE,Delaware,CAA,2015171,Other,AFC North,0,0,0,0,0,0,0,0,0,0
5,172,Kansas City Chiefs,D J Alexander,https://en.wikipedia.org/wiki/D._J._Alexander ,LB,Oregon State,Pac12,2015172,Pac12,AFC West,0,0,0,0,0,0,0,0,0,1
5,173,Kansas City Chiefs,James OShaughnessy,https://en.wikipedia.org/wiki/James_O%27Shaughnessy_(American_football) ,TE,Illinois State,MVFC,2015173,Other,AFC West,0,0,0,0,0,0,0,0,0,0
5,174,Carolina Panthers,Cameron ArtisPayne,https://en.wikipedia.org/wiki/Cameron_Artis-Payne ,RB,Auburn,SEC,2015174,SEC,NFC South,0,0,0,0,0,0,0,0,0,0
5,175,Houston Texans,Keith Mumphery,https://en.wikipedia.org/wiki/Keith_Mumphery ,WR,Michigan State,Big Ten,2015175,Big Ten,AFC South,0,0,0,0,0,0,0,0,0,0
5,176,Baltimore Ravens,Robert Myers,https://en.wikipedia.org/wiki/Robert_Myers_(offensive_lineman) ,OG,Tennessee State,OVC,2015176,Other,AFC North,0,0,1,0,0,0,0,0,0,0
6,177,Tennessee Titans,Deiontrez Mount,https://en.wikipedia.org/wiki/Deiontrez_Mount ,LB,Louisville,ACC,2015177,ACC,AFC South,0,0,0,0,0,0,0,0,0,0
6,178,New England Patriots,Matthew Wells,https://en.wikipedia.org/wiki/Matthew_Wells_(American_football) ,LB,Mississippi State,SEC,2015178,SEC,AFC East,0,0,0,0,0,0,0,0,0,0
6,179,Las Vegas Raiders,Max Valles,https://en.wikipedia.org/wiki/Max_Valles ,LB,Virginia,ACC,2015179,ACC,AFC West,0,0,0,0,0,0,0,0,0,0
6,180,Jacksonville Jaguars,Michael Bennett,"https://en.wikipedia.org/wiki/Michael_Bennett_(defensive_tackle,_born_1990s) ",DT,Ohio State,Big Ten,2015180,Big Ten,AFC South,0,0,0,0,0,0,0,0,0,0
6,181,Washington Commanders,Kyshoen Jarrett,https://en.wikipedia.org/wiki/Kyshoen_Jarrett ,S,Virginia Tech,ACC,2015181,ACC,NFC East,0,0,0,0,0,0,0,0,0,0
6,182,Washington Commanders,Tevin Mitchel,https://en.wikipedia.org/wiki/Tevin_Mitchel ,CB,Arkansas,SEC,2015182,SEC,NFC East,0,0,0,0,0,0,0,0,0,0
6,183,Chicago Bears,Tayo Fabuluje,https://en.wikipedia.org/wiki/Tayo_Fabuluje ,OT,TCU,Big 12,2015183,Big 12,NFC North,0,0,0,0,0,0,0,0,0,0
6,184,Tampa Bay Buccaneers,Kaelin Clay,https://en.wikipedia.org/wiki/Kaelin_Clay ,WR,Utah,Pac12,2015184,Pac12,NFC South,0,0,0,0,0,0,0,0,0,0
6,185,Minnesota Vikings,Tyrus Thompson,https://en.wikipedia.org/wiki/Tyrus_Thompson ,OT,Oklahoma,Big 12,2015185,Big 12,NFC North,0,0,0,0,0,0,0,0,0,0
6,186,New York Giants,Geremy Davis,https://en.wikipedia.org/wiki/Geremy_Davis ,WR,UConn,The American,2015186,Other,NFC East,0,0,0,0,0,0,0,0,0,0
6,187,Washington Commanders,Evan Spencer,https://en.wikipedia.org/wiki/Evan_Spencer ,WR,Ohio State,Big Ten,2015187,Big Ten,NFC East,0,0,0,0,0,0,0,0,0,0
6,188,Buffalo Bills,Tony Steward,https://en.wikipedia.org/wiki/Tony_Steward_(American_football) ,LB,Clemson,ACC,2015188,ACC,AFC East,0,0,0,0,0,0,0,0,0,0
6,189,Cleveland Browns,Charles Gaines,https://en.wikipedia.org/wiki/Charles_Gaines_(American_football) ,CB,Louisville,ACC,2015189,ACC,AFC North,0,0,0,0,0,0,0,0,0,0
6,190,San Francisco 49ers,Ian Silberman,https://en.wikipedia.org/wiki/Ian_Silberman ,OG,Boston College,ACC,2015190,ACC,NFC West,0,0,0,0,0,0,0,0,0,0
6,191,Philadelphia Eagles,JaCorey Shepherd,https://en.wikipedia.org/wiki/JaCorey_Shepherd ,CB,Kansas,Big 12,2015191,Big 12,NFC East,0,0,0,0,0,0,0,0,0,0
6,192,Los Angeles Chargers,Darius Philon,https://en.wikipedia.org/wiki/Darius_Philon ,DT,Arkansas,SEC,2015192,SEC,AFC West,0,0,0,0,0,0,0,0,0,0
6,193,Minnesota Vikings,B J Dubose,https://en.wikipedia.org/wiki/B._J._Dubose ,DE,Louisville,ACC,2015193,ACC,NFC North,0,0,0,0,0,0,0,0,0,0
6,194,Buffalo Bills,Nick OLeary,https://en.wikipedia.org/wiki/Nick_O%27Leary ,TE,Florida State,ACC,2015194,ACC,AFC East,0,0,0,0,0,0,0,0,0,0
6,195,Cleveland Browns,Malcolm Johnson,https://en.wikipedia.org/wiki/Malcolm_Johnson_(tight_end) ,TE,Mississippi State,SEC,2015195,SEC,AFC North,0,0,0,0,0,0,0,0,0,0
6,196,Philadelphia Eagles,Randall Evans,https://en.wikipedia.org/wiki/Randall_Evans ,CB,Kansas State,Big 12,2015196,Big 12,NFC East,0,0,0,0,0,0,0,0,0,0
6,197,Cincinnati Bengals,Derron Smith,https://en.wikipedia.org/wiki/Derron_Smith ,S,Fresno State,MW,2015197,Other,AFC North,0,0,0,0,0,0,0,0,0,0
6,198,Cleveland Browns,Randall Telfer,https://en.wikipedia.org/wiki/Randall_Telfer ,TE,USC,Pac12,2015198,Pac12,AFC North,0,0,0,0,0,0,0,0,0,0
6,199,Pittsburgh Steelers,Leterrius Walton,https://en.wikipedia.org/wiki/Leterrius_Walton ,DT,Central Michigan,MAC,2015199,Other,AFC North,0,0,0,0,0,0,0,0,0,0
6,200,Detroit Lions,Quandre Diggs,https://en.wikipedia.org/wiki/Quandre_Diggs ,S,Texas,Big 12,2015200,Big 12,NFC North,0,0,0,0,0,0,0,0,0,3
6,201,Los Angeles Rams,Bud Sasser,https://en.wikipedia.org/wiki/Bud_Sasser ,WR,Missouri,SEC,2015201,SEC,NFC West,0,0,0,0,0,0,0,0,0,0
6,202,New England Patriots,A J Derby,https://en.wikipedia.org/wiki/A._J._Derby ,TE,Arkansas,SEC,2015202,SEC,AFC East,0,0,0,0,0,0,0,0,0,0
6,203,Denver Broncos,Darius Kilgo,https://en.wikipedia.org/wiki/Darius_Kilgo ,DT,Maryland,Big Ten,2015203,Big Ten,AFC West,0,0,2,0,0,0,0,0,0,0
6,204,Baltimore Ravens,Darren Waller,https://en.wikipedia.org/wiki/Darren_Waller ,WR,Georgia Tech,ACC,2015204,ACC,AFC North,0,0,0,0,0,0,0,0,0,1
6,205,Indianapolis Colts,Josh Robinson,https://en.wikipedia.org/wiki/Josh_Robinson_(running_back) ,RB,Mississippi State,SEC,2015205,SEC,AFC South,0,0,0,0,0,0,0,0,0,0
6,206,Green Bay Packers,Aaron Ripkowski,https://en.wikipedia.org/wiki/Aaron_Ripkowski ,FB,Oklahoma,Big 12,2015206,Big 12,NFC North,0,0,0,0,0,0,0,0,0,0
6,207,Indianapolis Colts,Amarlo Herrera,https://en.wikipedia.org/wiki/Amarlo_Herrera ,LB,Georgia,SEC,2015207,SEC,AFC South,0,0,0,0,0,0,0,0,0,0
6,208,Tennessee Titans,Andy Gallik,https://en.wikipedia.org/wiki/Andy_Gallik ,C,Boston College,ACC,2015208,ACC,AFC South,0,0,0,0,0,0,0,0,0,0
6,209,Seattle Seahawks,Obum Gwacham,https://en.wikipedia.org/wiki/Obum_Gwacham ,DE,Oregon State,Pac12,2015209,Pac12,NFC West,0,0,0,0,0,0,0,0,0,0
6,210,Green Bay Packers,Christian Ringo,https://en.wikipedia.org/wiki/Christian_Ringo ,DE,LouisianaLafayette,Sun Belt,2015210,Other,NFC North,0,0,0,0,0,0,0,0,0,0
6,211,Houston Texans,Reshard Cliett,https://en.wikipedia.org/wiki/Reshard_Cliett ,LB,South Florida,The American,2015211,Other,AFC South,0,0,0,0,0,0,0,0,0,0
6,212,Pittsburgh Steelers,Anthony Chickillo,https://en.wikipedia.org/wiki/Anthony_Chickillo ,DE,Miami FL,ACC,2015212,ACC,AFC North,0,0,0,0,0,0,0,0,0,0
6,213,Green Bay Packers,Kennard Backman,https://en.wikipedia.org/wiki/Kennard_Backman ,TE,UAB,CUSA,2015213,Other,NFC North,0,0,0,0,0,0,0,0,0,0
6,214,Seattle Seahawks,Kristjan Sokoli,https://en.wikipedia.org/wiki/Kristjan_Sokoli ,DT,Buffalo,MAC,2015214,Other,NFC West,0,0,0,0,0,0,0,0,0,0
6,215,Los Angeles Rams,Cody Wichmann,https://en.wikipedia.org/wiki/Cody_Wichmann ,OG,Fresno State,MW,2015215,Other,NFC West,0,0,0,0,0,0,0,0,0,0
6,216,Houston Texans,Christian Covington,https://en.wikipedia.org/wiki/Christian_Covington ,DT,Rice,CUSA,2015216,Other,AFC South,0,0,0,0,0,0,0,0,0,0
6,217,Kansas City Chiefs,Rakeem NunezRoches,https://en.wikipedia.org/wiki/Rakeem_Nunez-Roches ,DT,Southern Miss,CUSA,2015217,Other,AFC West,0,0,1,0,0,0,0,0,0,0
7,218,Las Vegas Raiders,Anthony Morris,https://en.wikipedia.org/wiki/Anthony_Morris_(American_football) ,OT,Tennessee State,OVC,2015218,Other,AFC West,0,0,0,0,0,0,0,0,0,0
7,219,Cleveland Browns,Hayes Pullard,https://en.wikipedia.org/wiki/Hayes_Pullard ,LB,USC,Pac12,2015219,Pac12,AFC North,0,0,0,0,0,0,0,0,0,0
7,220,Jacksonville Jaguars,Neal Sterling,https://en.wikipedia.org/wiki/Neal_Sterling ,WR,Monmouth,Big South,2015220,Other,AFC South,0,0,0,0,0,0,0,0,0,0
7,221,Las Vegas Raiders,Andre Debose,https://en.wikipedia.org/wiki/Andre_Debose ,WR,Florida,SEC,2015221,SEC,AFC West,0,0,0,0,0,0,0,0,0,0
7,222,Washington Commanders,Austin Reiter,https://en.wikipedia.org/wiki/Austin_Reiter ,C,South Florida,The American,2015222,Other,NFC East,0,0,3,0,0,0,0,0,0,0
7,223,New York Jets,Deon Simon,https://en.wikipedia.org/wiki/Deon_Simon ,DT,Northwestern State,Southland,2015223,Other,AFC East,0,0,0,0,0,0,0,0,0,0
7,224,Los Angeles Rams,Bryce Hager,https://en.wikipedia.org/wiki/Bryce_Hager ,LB,Baylor,Big 12,2015224,Big 12,NFC West,0,0,0,0,0,0,0,0,0,0
7,225,Atlanta Falcons,Jake Rodgers,https://en.wikipedia.org/wiki/Jake_Rodgers ,OT,Eastern Washington,Big Sky,2015225,Other,NFC South,0,0,0,0,0,0,0,0,0,0
7,226,New York Giants,Bobby Hart,https://en.wikipedia.org/wiki/Bobby_Hart_(American_football) ,OT,Florida State,ACC,2015226,ACC,NFC East,0,0,0,0,0,0,0,0,0,0
7,227,Los Angeles Rams,Martin Ifedi,https://en.wikipedia.org/wiki/Martin_Ifedi ,DE,Memphis,The American,2015227,Other,NFC West,0,0,0,0,0,0,0,0,0,0
7,228,Minnesota Vikings,Austin Shepherd,https://en.wikipedia.org/wiki/Austin_Shepherd ,OT,Alabama,SEC,2015228,SEC,NFC North,0,0,0,0,0,0,0,0,0,0
7,229,Jacksonville Jaguars,Ben Koyack,https://en.wikipedia.org/wiki/Ben_Koyack ,TE,Notre Dame,Ind FBS,2015229,Other,AFC South,0,0,0,0,0,0,0,0,0,0
7,230,New Orleans Saints,Marcus Murphy,https://en.wikipedia.org/wiki/Marcus_Murphy ,RB,Missouri,SEC,2015230,SEC,NFC South,0,0,0,0,0,0,0,0,0,0
7,231,Tampa Bay Buccaneers,Joey Iosefa,https://en.wikipedia.org/wiki/Joey_Iosefa ,FB,Hawaii,MW,2015231,Other,NFC South,0,0,0,0,0,0,0,0,0,0
7,232,Minnesota Vikings,Edmond Robinson,https://en.wikipedia.org/wiki/Edmond_Robinson ,LB,Newberry,SAC,2015232,Other,NFC North,0,0,0,0,0,0,0,0,0,0
7,233,Kansas City Chiefs,DaRon Brown,https://en.wikipedia.org/wiki/Da%27Ron_Brown ,WR,Northern Illinois,MAC,2015233,Other,AFC West,0,0,0,0,0,0,0,0,0,0
7,234,Buffalo Bills,Dezmin Lewis,https://en.wikipedia.org/wiki/Dezmin_Lewis ,WR,Central Arkansas,Southland,2015234,Other,AFC East,0,0,0,0,0,0,0,0,0,0
7,235,Houston Texans,Kenny Hilliard,https://en.wikipedia.org/wiki/Kenny_Hilliard ,RB,LSU,SEC,2015235,SEC,AFC South,0,0,0,0,0,0,0,0,0,0
7,236,Dallas Cowboys,Mark Nzeocha,https://en.wikipedia.org/wiki/Mark_Nzeocha ,LB,Wyoming,MW,2015236,Other,NFC East,0,0,0,0,0,0,0,0,0,0
7,237,Philadelphia Eagles,Brian Mihalik,https://en.wikipedia.org/wiki/Brian_Mihalik ,DE,Boston College,ACC,2015237,ACC,NFC East,0,0,0,0,0,0,0,0,0,0
7,238,Cincinnati Bengals,Mario Alford,https://en.wikipedia.org/wiki/Mario_Alford ,WR,West Virginia,Big 12,2015238,Big 12,AFC North,0,0,0,0,0,0,0,0,0,0
7,239,Pittsburgh Steelers,Gerod Holliman,https://en.wikipedia.org/wiki/Gerod_Holliman ,S,Louisville,ACC,2015239,ACC,AFC North,0,0,0,0,0,0,0,0,0,0
7,240,Detroit Lions,Corey Robinson,https://en.wikipedia.org/wiki/Corey_Robinson_(offensive_tackle) ,OT,South Carolina,SEC,2015240,SEC,NFC North,0,0,0,0,0,0,0,0,0,0
7,241,Cleveland Browns,Ifo EkpreOlomu,https://en.wikipedia.org/wiki/Ifo_Ekpre-Olomu ,CB,Oregon,Pac12,2015241,Pac12,AFC North,0,0,0,0,0,0,0,0,0,0
7,242,Las Vegas Raiders,Dexter McDonald,https://en.wikipedia.org/wiki/Dexter_McDonald ,CB,Kansas,Big 12,2015242,Big 12,AFC West,0,0,0,0,0,0,0,0,0,0
7,243,Dallas Cowboys,Laurence Gibson,https://en.wikipedia.org/wiki/Laurence_Gibson ,OT,Virginia Tech,ACC,2015243,ACC,NFC East,0,0,0,0,0,0,0,0,0,0
7,244,San Francisco 49ers,Trent Brown,https://en.wikipedia.org/wiki/Trent_Brown ,OT,Florida,SEC,2015244,SEC,NFC West,0,0,1,0,0,0,0,0,0,1
7,245,Tennessee Titans,Tre McBride,https://en.wikipedia.org/wiki/Tre_McBride ,WR,William  Mary,CAA,2015245,Other,AFC South,0,0,0,0,0,0,0,0,0,0
7,246,Dallas Cowboys,Geoff Swaim,https://en.wikipedia.org/wiki/Geoff_Swaim ,TE,Texas,Big 12,2015246,Big 12,NFC East,0,0,0,0,0,0,0,0,0,0
7,247,New England Patriots,Darryl Roberts,https://en.wikipedia.org/wiki/Darryl_Roberts_(American_football) ,CB,Marshall,CUSA,2015247,Other,AFC East,0,0,0,0,0,0,0,0,0,0
7,248,Seattle Seahawks,Ryan Murphy,https://en.wikipedia.org/wiki/Ryan_Murphy_(American_football) ,S,Oregon State,Pac12,2015248,Pac12,NFC West,0,0,1,0,0,0,0,0,0,0
7,249,Atlanta Falcons,Akeem King,https://en.wikipedia.org/wiki/Akeem_King ,CB,San Jose State,MW,2015249,Other,NFC South,0,0,0,0,0,0,0,0,0,0
7,250,Denver Broncos,Trevor Siemian,https://en.wikipedia.org/wiki/Trevor_Siemian ,QB,Northwestern,Big Ten,2015250,Big Ten,AFC West,0,0,1,0,0,0,0,0,0,0
7,251,Denver Broncos,Taurean Nixon,https://en.wikipedia.org/wiki/Taurean_Nixon ,CB,Tulane,The American,2015251,Other,AFC West,0,0,1,0,0,0,0,0,0,0
7,252,Denver Broncos,Josh Furman,https://en.wikipedia.org/wiki/Josh_Furman ,S,Oklahoma State,Big 12,2015252,Big 12,AFC West,0,0,0,0,0,0,0,0,0,0
7,253,New England Patriots,Xzavier Dickson,https://en.wikipedia.org/wiki/Xzavier_Dickson ,LB,Alabama,SEC,2015253,SEC,AFC East,0,0,0,0,0,0,0,0,0,0
7,254,San Francisco 49ers,Rory Anderson,https://en.wikipedia.org/wiki/Rory_Anderson ,TE,South Carolina,SEC,2015254,SEC,NFC West,0,0,0,0,0,0,0,0,0,0
7,255,Indianapolis Colts,Denzelle Good,https://en.wikipedia.org/wiki/Denzelle_Good ,OT,Mars Hill,SAC,2015255,Other,AFC South,0,0,0,0,0,0,0,0,0,0
7,256,Arizona Cardinals,Gerald Christian,https://en.wikipedia.org/wiki/Gerald_Christian ,TE,Louisville,ACC,2015256,ACC,NFC West,0,0,0,0,0,0,0,0,0,0
